run_id,label,total_events,duration_sec,events_per_sec,inter_event_mean,inter_event_std,burst_max_per_sec,burstiness,distinct_dest_ports,distinct_src_ports,ports_per_event,frac_on_top_port,distinct_protocols,n_login_fail,n_login_success,n_commands,n_command_failed,n_sessions,n_file_downloads,distinct_commands,n_auth_other,n_http_events,n_web_80,n_web_8080,distinct_web_paths,n_suricata_alerts,n_suricata_flows,n_alert_sev_high,n_alert_sev_info,distinct_signatures,any_login_attempt,any_login_success,any_command_run,any_file_download,any_web_request
B001,online_guessing,56,1.0,56.0,0.0182,0.1336,53,1.893,1,5,0.01786,1.0,2,3,1,0,0,5,0,0,0,0,0,0,0,0,0,0,0,0,1,1,0,0,0
B002,online_guessing,82,7.0,11.7143,0.0864,0.281,47,4.585,1,10,0.0122,1.0,2,23,1,0,0,5,0,0,0,0,0,0,0,0,5,0,0,0,1,1,0,0,0
B003,online_guessing,68,6.0,11.3333,0.0896,0.4136,53,3.897,1,9,0.01471,1.0,2,11,1,0,0,5,0,0,0,0,0,0,0,0,4,0,0,0,1,1,0,0,0
B004,online_guessing,518,21.0,24.6667,0.0406,0.1974,62,2.633,1,46,0.00193,1.0,2,75,1,0,0,41,0,0,0,0,0,0,0,1,5,0,1,1,1,1,0,0,0
B005,online_guessing,694,67.0,10.3582,0.0967,0.3098,51,4.85,1,54,0.00144,1.0,2,248,1,0,0,41,0,0,0,0,0,0,0,0,14,0,0,0,1,1,0,0,0
B006,online_guessing,830,96.0,8.6458,0.1158,0.32,54,6.311,1,44,0.0012,1.0,2,370,1,0,0,41,0,0,0,0,0,0,0,1,20,1,0,1,1,1,0,0,0
B007,online_guessing,64,28.0,2.2857,0.4444,0.6115,24,9.75,1,8,0.01562,1.0,2,24,1,0,0,3,0,0,0,0,0,0,0,1,5,0,1,1,1,1,0,0,0
B008,online_guessing,108,7.0,15.4286,0.0654,0.3687,93,4.306,1,11,0.00926,1.0,2,12,1,0,0,9,0,0,0,0,0,0,0,0,2,0,0,0,1,1,0,0,0
B009,online_guessing,211,78.0,2.7051,0.3714,0.4929,22,8.133,2,21,0.00948,0.9902,4,75,1,0,0,11,0,0,0,0,0,0,0,1,13,1,0,1,1,1,0,0,0
B010,online_guessing,1103,35.0,31.5143,0.0318,0.1805,91,2.888,1,82,0.00091,1.0,2,248,1,0,0,81,0,0,0,0,0,0,0,1,1,0,1,1,1,1,0,0,0
B011,online_guessing,96,11.0,8.7273,0.1158,0.32,39,4.875,1,24,0.01042,1.0,2,25,0,0,0,5,0,0,0,0,0,0,0,0,19,0,0,0,1,0,0,0,0
B012,online_guessing,64,6.0,10.6667,0.0952,0.4259,53,4.141,1,9,0.01562,1.0,2,8,0,0,0,5,0,0,0,0,0,0,0,0,4,0,0,0,1,0,0,0,0
B013,online_guessing,518,39.0,13.2821,0.0754,0.2641,44,3.398,1,46,0.00193,1.0,2,75,1,0,0,41,0,0,0,0,0,0,0,0,5,0,0,0,1,1,0,0,0
B014,online_guessing,50,8.0,6.25,0.1633,0.4212,37,5.92,1,15,0.02,1.0,2,3,1,0,0,3,0,0,0,0,0,0,0,2,12,1,1,2,1,1,0,0,0
B015,online_guessing,59,12.0,4.9167,0.2069,0.4051,32,7.051,1,6,0.01695,1.0,2,23,1,0,0,3,0,0,0,0,0,0,0,0,3,0,0,0,1,1,0,0,0
B016,online_guessing,490,128.0,3.8281,0.2618,0.4442,31,8.098,1,22,0.00204,1.0,2,248,1,0,0,21,0,0,0,0,0,0,0,0,13,0,0,0,1,1,0,0,0
B017,online_guessing,80,9.0,8.8889,0.1139,0.3177,43,5.375,1,7,0.0125,1.0,2,25,0,0,0,5,0,0,0,0,0,0,0,1,2,0,1,1,1,0,0,0,0
B018,online_guessing,70,8.0,8.75,0.1159,0.4353,47,4.7,1,10,0.01429,1.0,2,11,1,0,0,5,0,0,0,0,0,0,0,1,5,1,0,1,1,1,0,0,0
B019,online_guessing,357,9.0,39.6667,0.0253,0.174,68,1.714,2,45,0.0056,0.986,2,0,0,0,0,0,0,0,40,0,0,0,0,0,5,0,0,0,1,0,0,0,0
B020,online_guessing,60,7.0,8.5714,0.1186,0.3234,37,4.933,1,30,0.01667,1.0,2,0,0,0,0,0,0,0,4,0,0,0,0,0,26,0,0,0,1,0,0,0,0
B021,online_guessing,338,6.0,56.3333,0.0178,0.1322,68,1.408,1,42,0.00296,1.0,2,0,0,0,0,0,0,0,40,0,0,0,0,0,2,0,0,0,1,0,0,0,0
B022,online_guessing,152,19.0,8.0,0.1258,0.3511,60,7.5,2,45,0.01316,0.5195,3,59,1,0,0,5,0,0,0,0,0,0,0,1,40,0,1,1,1,1,0,0,0
B023,online_guessing,119,32.0,3.7188,0.2712,0.4446,33,9.151,1,9,0.0084,1.0,2,61,1,0,0,5,0,0,0,0,0,0,0,0,4,0,0,0,1,1,0,0,0
B024,online_guessing,157,11.0,14.2727,0.0705,0.3225,94,5.987,1,12,0.00637,1.0,2,59,1,0,0,9,0,0,0,0,0,0,0,1,3,1,0,1,1,1,0,0,0
B025,online_guessing,64,7.0,9.1429,0.1111,0.3613,25,2.734,2,16,0.03125,0.875,3,0,0,0,0,0,0,0,6,0,0,0,0,0,8,0,0,0,1,0,0,0,0
B026,online_guessing,181,7.0,25.8571,0.0389,0.1933,52,2.298,1,32,0.00552,1.0,3,0,0,0,0,0,0,0,20,0,0,0,0,0,7,0,0,0,1,0,0,0,0
B027,online_guessing,138,19.0,7.2632,0.1387,0.3661,56,7.71,2,30,0.01449,0.6032,3,60,0,0,0,5,0,0,0,0,0,0,0,1,25,0,1,1,1,0,0,0,0
B028,online_guessing,999,626.0,1.5958,0.6273,0.4938,22,13.698,2,25,0.002,0.9965,4,619,1,0,0,31,0,0,0,0,0,0,0,4,32,2,2,2,1,1,0,0,0
B029,online_guessing,1063,153.0,6.9477,0.1441,0.3512,52,7.533,1,40,0.00094,1.0,2,599,1,0,0,41,0,0,0,0,0,0,0,1,24,0,1,1,1,1,0,0,0
B030,online_guessing,62,12.0,5.1667,0.1967,0.3975,35,7.339,1,7,0.01613,1.0,2,23,1,0,0,3,0,0,0,0,0,0,0,1,4,1,0,1,1,1,0,0,0
D001,denial_of_service,39791,91.0,437.2637,0.0023,0.1988,3643,4.944,1,15211,3e-05,1.0,1,0,0,0,0,0,0,0,0,0,39791,0,0,9560,8295,0,9560,2,0,0,0,0,0
D002,denial_of_service,75967,82.0,926.4268,0.0011,0.1754,6962,3.299,1,17463,1e-05,1.0,1,0,0,0,0,0,0,0,0,0,0,0,0,13448,13352,1,13447,3,0,0,0,0,0
D003,denial_of_service,88668,147.0,603.1837,0.0017,0.274,7123,2.892,3,19428,3e-05,1.0,3,0,0,0,0,0,0,0,0,0,0,0,0,17583,17567,0,17583,3,0,0,0,0,0
D004,denial_of_service,53511,82.0,652.5732,0.0015,0.2133,4064,2.658,1,9903,2e-05,1.0,1,0,0,0,0,0,0,0,0,0,0,0,0,9695,9695,0,9695,2,0,0,0,0,0
D005,denial_of_service,85098,87.0,978.1379,0.001,0.1458,6424,3.548,1,33462,1e-05,1.0,1,0,0,0,0,0,0,0,0,0,0,0,0,21383,21172,1,21382,3,0,0,0,0,0
D006,denial_of_service,72715,131.0,555.0763,0.0018,0.2579,7589,3.757,2,15926,3e-05,1.0,3,0,0,0,0,0,0,0,0,0,0,0,0,20200,10340,9710,10490,3,0,0,0,0,0
D007,denial_of_service,91607,82.0,1117.1585,0.0009,0.163,7416,2.833,1,19065,1e-05,1.0,1,0,0,0,0,0,0,0,0,0,0,0,0,16554,16514,1,16553,3,0,0,0,0,0
D008,denial_of_service,93999,84.0,1119.0357,0.0009,0.1546,10402,4.316,1,24051,1e-05,1.0,1,0,0,0,0,0,0,0,0,0,0,0,0,19080,18651,0,19080,3,0,0,0,0,0
D009,denial_of_service,94569,82.0,1153.2805,0.0009,0.1604,7325,2.711,1,19275,1e-05,1.0,1,0,0,0,0,0,0,0,0,0,0,94569,0,15625,15554,1,15624,3,0,0,0,0,0
D010,denial_of_service,22613,21.0,1076.8095,0.0009,0.0305,1901,1.849,1,22613,4e-05,1.0,1,0,0,0,0,0,0,0,0,0,22613,0,0,0,22613,0,0,0,0,0,0,0,0
D011,denial_of_service,56816,82.0,692.878,0.0014,0.207,3402,2.096,2,18939,4e-05,1.0,3,0,0,0,0,0,0,0,0,0,0,0,0,37877,18939,1,37876,3,0,0,0,0,0
D012,denial_of_service,51831,83.0,624.4699,0.0016,0.2124,4431,3.163,1,12746,2e-05,1.0,1,0,0,0,0,0,0,0,0,0,51831,0,0,39085,12746,13593,25492,3,0,0,0,0,0
D013,denial_of_service,55936,82.0,682.1463,0.0015,0.2086,3274,2.049,1,18645,2e-05,1.0,1,0,0,0,0,0,0,0,0,0,0,0,0,37291,18645,1,37290,3,0,0,0,0,0
D014,denial_of_service,15100,15.0,1006.6667,0.001,0.0315,1580,1.674,1,15100,7e-05,1.0,2,0,0,0,0,0,0,0,0,0,0,0,0,0,15100,0,0,0,0,0,0,0,0
D015,denial_of_service,15102,45.0,335.6,0.003,0.2461,1577,1.775,1,15100,7e-05,1.0,2,0,0,0,0,0,0,0,0,0,0,0,0,2,15100,2,0,2,0,0,0,0,0
D016,denial_of_service,15101,49.0,308.1837,0.0032,0.2546,1531,2.028,1,15100,7e-05,1.0,2,0,0,0,0,0,0,0,0,0,0,0,0,1,15100,1,0,1,0,0,0,0,0
D017,denial_of_service,15100,15.0,1006.6667,0.001,0.0315,1539,1.631,1,15100,7e-05,1.0,2,0,0,0,0,0,0,0,0,0,0,0,0,0,15100,0,0,0,0,0,0,0,0
D018,denial_of_service,15101,15.0,1006.7333,0.001,0.0315,1588,1.683,2,15101,0.00013,0.9999,3,0,0,0,0,0,0,0,0,0,0,0,0,0,15101,0,0,0,0,0,0,0,0
D019,denial_of_service,15100,17.0,888.2353,0.0011,0.0335,1558,1.857,1,15100,7e-05,1.0,2,0,0,0,0,0,0,0,0,0,0,0,0,0,15100,0,0,0,0,0,0,0,0
D020,denial_of_service,6408,78.0,82.1538,0.0122,0.3861,1068,7.667,1,685,0.00016,1.0,2,0,0,0,0,0,0,0,0,565,6408,0,1,1,105,1,0,1,0,0,0,0,1
D021,denial_of_service,19446,81.0,240.0741,0.0042,0.2353,1369,3.45,2,2248,0.0001,0.9992,2,0,0,0,0,0,0,0,0,0,16,19430,0,6,983,0,6,2,0,0,0,0,0
D022,denial_of_service,30153,94.0,320.7766,0.0031,0.1055,1949,5.106,1,2985,3e-05,1.0,2,0,0,0,0,0,0,0,0,2776,30153,0,1,0,1738,0,0,0,0,0,0,0,1
D023,denial_of_service,15862,79.0,200.7848,0.005,0.2522,936,2.95,1,1757,6e-05,1.0,2,0,0,0,0,0,0,0,0,1723,15862,0,12,161,518,0,161,3,0,0,0,0,1
D024,denial_of_service,18681,79.0,236.4684,0.0042,0.2254,1051,2.869,1,2271,5e-05,1.0,2,0,0,0,0,0,0,0,0,0,0,18681,0,736,437,1,735,6,0,0,0,0,0
D025,denial_of_service,23083,89.0,259.3596,0.0039,0.1484,1273,3.86,1,2546,4e-05,1.0,2,0,0,0,0,0,0,0,0,2350,23083,0,14,502,1025,0,502,16,0,0,0,0,1
D026,denial_of_service,9334,184.0,50.7283,0.0197,0.2866,1042,9.601,3,1524,0.00032,0.9996,4,0,0,0,0,0,0,0,0,5,9330,3,1,367,698,0,367,12,0,0,0,0,1
D027,denial_of_service,9502,185.0,51.3622,0.0195,0.2482,564,6.114,2,1675,0.00021,0.9395,2,0,0,0,0,0,0,0,0,5,8927,575,1,648,980,3,645,13,0,0,0,0,1
D028,denial_of_service,12423,184.0,67.5163,0.0148,0.1935,635,6.389,1,1309,8e-05,1.0,2,0,0,0,0,0,0,0,0,1009,12423,0,1,257,781,0,257,10,0,0,0,0,1
D029,denial_of_service,8393,179.0,46.8883,0.0213,0.2841,972,9.96,2,1548,0.00024,0.9942,2,0,0,0,0,0,0,0,0,0,49,8344,0,17,401,1,16,3,0,0,0,0,0
D030,denial_of_service,11924,184.0,64.8043,0.0154,0.2001,674,6.274,3,1678,0.00025,0.9747,4,0,0,0,0,0,0,0,0,0,301,11622,0,22,1472,0,22,4,0,0,0,0,0
P001,post_exploitation,23,1.0,23.0,0.0455,0.2083,12,1.043,1,1,0.04348,1.0,2,0,1,6,0,1,0,6,0,0,0,0,0,1,0,0,1,1,1,1,1,0,0
P002,post_exploitation,28,0.0,28.0,0.0,0.0,28,1.0,1,1,0.03571,1.0,2,0,1,11,1,1,0,11,0,0,0,0,0,0,0,0,0,0,1,1,1,0,0
P003,post_exploitation,22,1.0,22.0,0.0476,0.213,11,1.0,1,1,0.04545,1.0,2,0,1,5,1,1,0,5,0,0,0,0,0,0,0,0,0,0,1,1,1,0,0
P004,post_exploitation,28,1.0,28.0,0.037,0.1889,16,1.143,1,1,0.03571,1.0,2,0,1,11,0,1,0,11,0,0,0,0,0,1,0,0,1,1,1,1,1,0,0
P005,post_exploitation,26,0.0,26.0,0.0,0.0,26,1.0,1,1,0.03846,1.0,2,0,1,9,1,1,0,9,0,0,0,0,0,0,0,0,0,0,1,1,1,0,0
P006,post_exploitation,23,1.0,23.0,0.0455,0.2083,12,1.043,1,1,0.04348,1.0,2,0,1,6,0,1,0,6,0,0,0,0,0,1,0,0,1,1,1,1,1,0,0
P007,post_exploitation,22,0.0,22.0,0.0,0.0,22,1.0,1,1,0.04545,1.0,2,0,1,6,0,1,0,6,0,0,0,0,0,0,0,0,0,0,1,1,1,0,0
P008,post_exploitation,28,0.0,28.0,0.0,0.0,28,1.0,1,1,0.03571,1.0,2,0,1,11,1,1,0,11,0,0,0,0,0,0,0,0,0,0,1,1,1,0,0
P009,post_exploitation,33,0.0,33.0,0.0,0.0,33,1.0,1,1,0.0303,1.0,2,0,1,16,1,1,0,16,0,0,0,0,0,0,0,0,0,0,1,1,1,0,0
P010,post_exploitation,22,0.0,22.0,0.0,0.0,22,1.0,1,1,0.04545,1.0,2,0,1,6,0,1,0,6,0,0,0,0,0,0,0,0,0,0,1,1,1,0,0
P011,post_exploitation,21,1.0,21.0,0.05,0.2179,11,1.048,1,1,0.04762,1.0,2,0,1,5,0,1,0,5,0,0,0,0,0,0,0,0,0,0,1,1,1,0,0
P012,post_exploitation,25,0.0,25.0,0.0,0.0,25,1.0,1,1,0.04,1.0,2,0,1,7,0,1,0,7,0,0,0,0,0,0,0,0,0,0,1,1,1,0,0
P013,post_exploitation,27,0.0,27.0,0.0,0.0,27,1.0,1,1,0.03704,1.0,2,0,1,9,2,1,0,9,0,0,0,0,0,0,0,0,0,0,1,1,1,0,0
P014,post_exploitation,17,1.0,17.0,0.0625,0.2421,9,1.059,1,1,0.05882,1.0,2,0,1,1,0,1,0,1,0,0,0,0,0,0,0,0,0,0,1,1,1,0,0
P015,post_exploitation,24,180.0,0.1333,7.8261,28.8122,20,4.167,2,4,0.08333,0.9167,4,0,1,6,0,1,0,6,0,0,0,0,0,1,3,0,1,1,1,1,1,0,0
P016,post_exploitation,28,0.0,28.0,0.0,0.0,28,1.0,1,1,0.03571,1.0,2,0,1,9,3,1,0,9,0,0,0,0,0,1,0,0,1,1,1,1,1,0,0
P017,post_exploitation,22,1.0,22.0,0.0476,0.213,11,1.0,1,1,0.04545,1.0,2,0,1,6,0,1,0,6,0,0,0,0,0,0,0,0,0,0,1,1,1,0,0
P018,post_exploitation,22,0.0,22.0,0.0,0.0,22,1.0,1,1,0.04545,1.0,2,0,1,4,0,1,1,4,0,0,0,0,0,0,0,0,0,0,1,1,1,1,0
P019,post_exploitation,27,1.0,27.0,0.0385,0.1923,16,1.185,1,1,0.03704,1.0,2,0,1,11,0,1,0,11,0,0,0,0,0,1,0,0,1,1,1,1,1,0,0
P020,post_exploitation,17,0.0,17.0,0.0,0.0,17,1.0,1,1,0.05882,1.0,2,0,1,1,0,1,0,1,0,0,0,0,0,0,0,0,0,0,1,1,1,0,0
P021,post_exploitation,22,1.0,22.0,0.0476,0.213,11,1.0,1,1,0.04545,1.0,2,0,1,6,0,1,0,6,0,0,0,0,0,0,0,0,0,0,1,1,1,0,0
P022,post_exploitation,28,0.0,28.0,0.0,0.0,28,1.0,1,1,0.03571,1.0,2,0,1,11,1,1,0,11,0,0,0,0,0,0,0,0,0,0,1,1,1,0,0
P023,post_exploitation,20,1.0,20.0,0.0526,0.2233,11,1.1,1,1,0.05,1.0,2,0,1,4,0,1,0,4,0,0,0,0,0,0,0,0,0,0,1,1,1,0,0
P024,post_exploitation,23,0.0,23.0,0.0,0.0,23,1.0,1,1,0.04348,1.0,2,0,1,6,1,1,0,6,0,0,0,0,0,0,0,0,0,0,1,1,1,0,0
P025,post_exploitation,22,1.0,22.0,0.0476,0.213,11,1.0,1,1,0.04545,1.0,2,0,1,6,0,1,0,6,0,0,0,0,0,0,0,0,0,0,1,1,1,0,0
P026,post_exploitation,27,0.0,27.0,0.0,0.0,27,1.0,1,1,0.03704,1.0,2,0,1,9,1,1,0,9,0,0,0,0,0,0,0,0,0,0,1,1,1,0,0
P027,post_exploitation,33,1.0,33.0,0.0312,0.174,29,1.758,1,1,0.0303,1.0,2,0,1,16,1,1,0,16,0,0,0,0,0,0,0,0,0,0,1,1,1,0,0
P028,post_exploitation,18,0.0,18.0,0.0,0.0,18,1.0,1,1,0.05556,1.0,2,0,1,1,0,1,0,1,0,0,0,0,0,1,0,1,0,1,1,1,1,0,0
P029,post_exploitation,22,0.0,22.0,0.0,0.0,22,1.0,1,1,0.04545,1.0,2,0,1,6,0,1,0,6,0,0,0,0,0,0,0,0,0,0,1,1,1,0,0
P030,post_exploitation,28,1.0,28.0,0.037,0.1889,17,1.214,1,1,0.03571,1.0,2,0,1,11,1,1,0,11,0,0,0,0,0,0,0,0,0,0,1,1,1,0,0
S001,scan,5,0.0,5.0,0.0,0.0,5,1.0,5,1,1.0,0.2,0,0,0,0,0,0,0,0,0,0,1,0,0,0,0,0,0,0,0,0,0,0,0
S002,scan,51,0.0,51.0,0.0,0.0,51,1.0,50,1,0.98039,0.0392,1,0,0,0,0,0,0,0,0,0,1,1,0,1,0,1,0,1,0,0,0,0,0
S003,scan,101,0.0,101.0,0.0,0.0,101,1.0,100,1,0.9901,0.0198,1,0,0,0,0,0,0,0,0,0,1,1,0,1,0,1,0,1,0,0,0,0,0
S004,scan,201,0.0,201.0,0.0,0.0,201,1.0,200,1,0.99502,0.01,1,0,0,0,0,0,0,0,0,0,1,1,0,1,0,1,0,1,0,0,0,0,0
S005,scan,501,3.0,167.0,0.006,0.0772,213,1.701,500,1,0.998,0.004,1,0,0,0,0,0,0,0,0,0,1,1,0,1,0,1,0,1,0,0,0,0,0
S006,scan,1596,7.0,228.0,0.0044,0.0661,773,3.875,1036,4,0.64912,0.0019,1,0,0,0,0,0,0,0,0,0,1,1,0,1,51,1,0,1,0,0,0,0,0
S007,scan,1661,9.0,184.5556,0.0054,0.0734,472,2.842,1000,4,0.60205,0.0024,1,0,0,0,0,0,0,0,0,0,1,2,0,1,379,1,0,1,0,0,0,0,0
S008,scan,641,6.0,106.8333,0.0094,0.0964,181,1.977,543,8,0.84711,0.0094,3,0,0,0,0,2,0,0,0,0,6,0,0,0,618,0,0,0,0,0,0,0,0
S009,scan,231,3.0,77.0,0.013,0.1135,142,2.459,95,51,0.41126,0.0262,3,0,0,0,0,2,0,0,0,0,4,4,0,0,53,0,0,0,0,0,0,0,0
S010,scan,351,2.0,175.5,0.0057,0.0754,281,2.402,100,100,0.2849,0.0172,2,0,0,0,0,2,0,0,0,0,4,4,0,0,0,0,0,0,0,0,0,0,0
S011,scan,720,1.0,720.0,0.0014,0.0373,587,1.631,200,199,0.27778,0.0084,2,0,0,0,0,2,0,0,0,0,4,4,0,0,0,0,0,0,0,0,0,0,0
S012,scan,1882,3.0,627.3333,0.0016,0.0399,1038,2.206,500,495,0.26567,0.0043,2,0,0,0,0,2,0,0,0,0,4,4,0,0,0,0,0,0,0,0,0,0,0
S013,scan,2172,6.0,362.0,0.0028,0.0606,775,2.141,1010,980,0.46501,0.0028,3,0,0,0,0,2,0,0,0,0,4,0,0,0,21,0,0,0,0,0,0,0,0
S014,scan,4105,6.0,684.1667,0.0015,0.0382,1109,1.891,1000,1130,0.24361,0.0019,3,0,0,0,0,2,0,0,0,0,5,4,0,0,188,0,0,0,0,0,0,0,0
S015,scan,1058,17.0,62.2353,0.0161,0.1466,136,2.057,1000,968,0.94518,0.0153,4,1,0,0,0,3,0,0,0,1,13,0,1,1,1002,0,1,1,1,0,0,0,1
S016,scan,963,40.0,24.075,0.0416,0.2996,216,6.056,536,559,0.55659,0.0419,7,1,0,0,0,3,0,0,0,1,12,9,1,7,512,6,1,3,1,0,0,0,1
S017,scan,1001,50.0,20.02,0.05,0.2636,214,9.193,100,189,0.0999,0.0494,11,1,0,0,0,3,0,0,0,1,12,12,1,7,115,2,5,5,1,0,0,0,1
S018,scan,2051,82.0,25.0122,0.04,0.2345,329,11.87,200,346,0.09751,0.0264,12,1,0,0,0,3,0,0,0,1,13,12,1,7,339,1,6,4,1,0,0,0,1
S019,scan,4734,158.0,29.962,0.0334,0.1877,417,13.477,502,525,0.10604,0.0138,13,1,0,0,0,3,0,0,0,1,12,11,1,11,821,1,10,5,1,0,0,0,1
S020,scan,1349,26.0,51.8846,0.0193,0.1428,377,7.266,1042,96,0.77242,0.0127,6,1,0,0,0,3,0,0,0,1,10,0,1,2,70,1,1,2,1,0,0,0,1
S021,scan,9331,187.0,49.8984,0.02,0.1512,470,9.067,1857,834,0.19901,0.0064,13,1,0,0,0,3,0,0,0,1,14,12,1,10,2577,1,9,5,1,0,0,0,1
S022,scan,135802,905.0,150.0575,0.0067,0.0814,6713,44.786,56421,634,0.41547,0.0003,5,0,0,0,0,0,0,0,0,0,2,2,0,52,66665,4,48,3,0,0,0,0,0
S023,scan,1577,22.0,71.6818,0.014,0.1173,137,1.998,1523,11,0.96576,0.0133,3,0,0,0,0,0,0,0,0,0,0,0,0,1,1553,1,0,1,0,0,0,0,0
S024,scan,9973,383.0,26.0392,0.0384,0.3142,372,11.265,332,741,0.03329,0.0992,17,10,1,0,0,42,0,0,3,31,338,312,8,326,1643,228,98,21,1,1,0,0,1
S025,scan,17011,621.0,27.3929,0.0365,0.388,410,11.617,108,882,0.00635,0.0563,15,10,1,0,0,43,0,0,3,32,344,316,8,409,2368,259,150,20,1,1,0,0,1
S026,scan,135,3.0,45.0,0.0224,0.1919,106,2.356,100,16,0.74074,0.194,4,0,0,0,0,0,0,0,0,0,1,1,0,23,4,10,13,6,0,0,0,0,0
S027,scan,539,7.0,77.0,0.013,0.1549,364,4.052,500,17,0.92764,0.0502,3,0,0,0,0,0,0,0,0,0,1,1,0,23,7,10,13,6,0,0,0,0,0
S028,scan,6132,175.0,35.04,0.0285,0.1797,262,7.093,501,651,0.0817,0.0215,14,8,1,0,0,15,0,0,0,1,14,14,1,61,1295,1,60,6,1,1,0,0,1
S029,scan,89,18.0,4.9444,0.2045,0.4034,8,1.708,22,75,0.24719,0.0674,5,0,0,0,0,0,0,0,0,0,0,0,0,0,75,0,0,0,0,0,0,0,0
S030,scan,110,18.0,6.1111,0.1651,0.3952,8,1.309,100,6,0.90909,0.0364,2,0,0,0,0,0,0,0,0,0,1,2,0,2,5,2,0,2,0,0,0,0,0
W001,web_attack,24219,92.0,263.25,0.0038,0.0866,821,2.848,1,2731,4e-05,1.0,2,0,0,0,0,0,0,0,0,2,24219,0,1,12,811,1,11,8,0,0,0,0,1
W002,web_attack,37742,96.0,393.1458,0.0025,0.0504,788,2.025,2,4359,5e-05,0.9658,2,0,0,0,0,0,0,0,0,2,1289,36453,1,11,2799,1,10,5,0,0,0,0,1
W003,web_attack,8842,95.0,93.0737,0.0107,0.3305,704,5.255,3,2283,0.00034,0.8117,4,0,0,0,0,0,0,0,0,2,7177,1664,1,23,2407,0,23,5,0,0,0,0,1
W004,web_attack,9,0.0,9.0,0.0,0.0,9,1.0,1,1,0.11111,1.0,2,0,0,0,0,0,0,0,0,0,9,0,0,0,0,0,0,0,0,0,0,0,0
W005,web_attack,30,4.0,7.5,0.1379,0.5708,10,1.0,1,3,0.03333,1.0,2,0,0,0,0,0,0,0,0,3,30,0,3,0,0,0,0,0,0,0,0,0,1
W006,web_attack,41,6.0,6.8333,0.15,0.477,10,1.22,1,5,0.02439,1.0,2,0,0,0,0,0,0,0,0,4,41,0,4,0,1,0,0,0,0,0,0,0,1
W007,web_attack,32,6.0,5.3333,0.1935,0.6435,11,1.375,1,5,0.03125,1.0,2,0,0,0,0,0,0,0,0,3,32,0,3,0,2,0,0,0,0,0,0,0,1
W008,web_attack,23,6.0,3.8333,0.2727,0.7497,11,1.913,1,4,0.04348,1.0,2,0,0,0,0,0,0,0,0,2,23,0,2,0,2,0,0,0,0,0,0,0,1
W009,web_attack,42,11.0,3.8182,0.2683,0.6635,10,1.667,1,7,0.02381,1.0,2,0,0,0,0,0,0,0,0,3,42,0,3,0,3,0,0,0,0,0,0,0,1
W010,web_attack,72,13.0,5.5385,0.1831,0.5121,10,1.389,1,9,0.01389,1.0,2,0,0,0,0,0,0,0,0,7,72,0,7,0,2,0,0,0,0,0,0,0,1
W011,web_attack,22,10.0,2.2,0.4762,1.7077,10,1.818,1,5,0.04545,1.0,2,0,0,0,0,0,0,0,0,0,22,0,0,0,3,0,0,0,0,0,0,0,0
W012,web_attack,62,16.0,3.875,0.2623,0.8852,11,1.242,2,7,0.03226,0.9839,4,0,0,0,0,0,0,0,0,6,61,0,3,0,1,0,0,0,0,0,0,0,1
W013,web_attack,80,23.0,3.4783,0.2911,1.0572,10,1.125,1,9,0.0125,1.0,2,0,0,0,0,0,0,0,0,7,80,0,7,0,1,0,0,0,0,0,0,0,1
W014,web_attack,135,30.0,4.5,0.2239,0.7395,11,1.385,1,17,0.00741,1.0,2,0,0,0,0,0,0,0,0,12,135,0,12,1,4,1,0,1,0,0,0,0,1
W015,web_attack,77,13.0,5.9231,0.1711,0.5229,11,1.286,2,9,0.02597,0.9351,2,0,0,0,0,0,0,0,0,4,5,72,1,0,1,0,0,0,0,0,0,0,1
W016,web_attack,159,30.0,5.3,0.1899,0.5295,11,1.453,2,22,0.01258,0.9245,2,0,0,0,0,0,0,0,0,8,12,147,1,0,6,0,0,0,0,0,0,0,1
W017,web_attack,92,23.0,4.0,0.2527,0.75,10,1.413,2,15,0.02174,0.9565,2,0,0,0,0,0,0,0,0,4,4,88,1,0,6,0,0,0,0,0,0,0,1
W018,web_attack,8,0.0,8.0,0.0,0.0,8,1.0,1,1,0.125,1.0,2,0,0,0,0,0,0,0,0,0,8,0,0,0,0,0,0,0,0,0,0,0,0
W019,web_attack,31,5.0,6.2,0.1667,0.5821,10,1.29,2,4,0.06452,0.9677,2,0,0,0,0,0,0,0,0,3,30,1,3,0,1,0,0,0,0,0,0,0,1
W020,web_attack,41,5.0,8.2,0.125,0.4576,11,1.073,1,5,0.02439,1.0,2,0,0,0,0,0,0,0,0,4,41,0,4,0,1,0,0,0,0,0,0,0,1
W021,web_attack,43,10.0,4.3,0.2381,0.6477,10,1.628,1,7,0.02326,1.0,2,0,0,0,0,0,0,0,0,3,43,0,3,0,3,0,0,0,0,0,0,0,1
W022,web_attack,22,4.0,5.5,0.1905,0.5871,10,1.364,1,4,0.04545,1.0,2,0,0,0,0,0,0,0,0,2,22,0,2,0,2,0,0,0,0,0,0,0,1
W023,web_attack,33,8.0,4.125,0.25,0.7906,10,1.515,1,6,0.0303,1.0,2,0,0,0,0,0,0,0,0,3,33,0,3,0,3,0,0,0,0,0,0,0,1
W024,web_attack,81,17.0,4.7647,0.2125,0.6836,10,1.235,1,10,0.01235,1.0,2,0,0,0,0,0,0,0,0,7,81,0,7,0,2,0,0,0,0,0,0,0,1
W025,web_attack,81,11.0,7.3636,0.1375,0.4675,11,1.086,1,8,0.01235,1.0,2,0,0,0,0,0,0,0,0,8,81,0,8,0,0,0,0,0,0,0,0,0,1
W026,web_attack,23,16.0,1.4375,0.7273,2.0041,9,1.957,1,7,0.04348,1.0,2,0,0,0,0,0,0,0,0,0,23,0,0,0,5,0,0,0,0,0,0,0,0
W027,web_attack,70,11.0,6.3636,0.1594,0.5281,10,1.143,1,7,0.01429,1.0,2,0,0,0,0,0,0,0,0,7,70,0,7,0,0,0,0,0,0,0,0,0,1
W028,web_attack,111,26.0,4.2692,0.2364,0.8304,11,1.288,1,12,0.00901,1.0,2,0,0,0,0,0,0,0,0,10,111,0,10,0,1,0,0,0,0,0,0,0,1
W029,web_attack,61,11.0,5.5455,0.1833,0.6453,11,1.082,1,6,0.01639,1.0,2,0,0,0,0,0,0,0,0,6,61,0,3,0,0,0,0,0,0,0,0,0,1
W030,web_attack,33,14.0,2.3571,0.4375,1.4777,10,1.818,1,7,0.0303,1.0,2,0,0,0,0,0,0,0,0,2,33,0,2,0,4,0,0,0,0,0,0,0,1
